ManagerName	PointsFor	PointsAgainst	Moves	Trades	Wins	Losses	Ties	Championships	Playoffs	Sackos	DraftPosition	Seasons
Benni	15088.620000000003	13777.599999999999	580	20	85	55	0	2	9	0	4.3	10
Erik	14715.820000000002	14442.6	408	38	74	66	0	2	6	1	3.3	10
Marv	13994.359999999999	14027.66	234	21	73	67	0	2	5	2	5.5	10
Ritz	14121.52	13862.600000000002	306	10	79	61	0	1	5	1	5.8	10
Tommy	13967.36	14008.720000000001	312	9	69	71	0	1	6	1	4.4	10
Kessi	13483.38	13782.06	164	6	62	78	0	1	4	2	3.6	10
Simi	13742.74	14312.099999999999	244	12	62	78	0	1	3	2	3.7	10
Juschka	13378.28	14278.74	233	6	56	84	0	0	2	1	5.4	10
